Model,Accuracy_mean,Accuracy_std,Precision_mean,Precision_std,Recall_mean,Recall_std,F1-Score_mean,F1-Score_std,AUC_mean,AUC_std
Baseline ANN,0.8050546448087431,0.025044710627428225,0.8143955895245965,0.02923781148890633,0.8406328868180936,0.024709949346745284,0.8269002615524178,0.020367646052488673,0.8730123442760345,0.031092252443000096
GA-Optimized ANN,0.8071869802803515,0.03031724634331249,0.8294698407222126,0.039123712022240645,0.8227528635216462,0.022197261723730214,0.8255805584380422,0.02445468867623942,0.8824812610385859,0.023748839999799477
PSO-Optimized ANN,0.8203017343787122,0.033670339199307654,0.8261783957477226,0.03487019989693853,0.8563579887400504,0.02165584772368377,0.8408978511595862,0.027970115021190105,0.8770603387454958,0.025561054719625956
Hybrid GA-PSO-ANN,0.8082679971489665,0.023523658571048333,0.8317961756804204,0.030541501654895886,0.8207726655018442,0.02430372701887122,0.8258066396348079,0.019963155522288327,0.8811885923169074,0.02293130286014979
